"Reference","Qty","Value","DNP","Exclude from BOM","Exclude from Board","Footprint","Datasheet"
"C1","1","220uF","","","","Capacitor_THT:CP_Radial_D8.0mm_P5.00mm","~"
"C2","1","10nF","","","","Capacitor_THT:C_Disc_D4.3mm_W1.9mm_P5.00mm","~"
"C3","1","10nF","","","","Capacitor_THT:CP_Radial_D8.0mm_P5.00mm","~"
"C4,C7,C8,C9,C10,C11,C12,C13","8","100nF","","","","Capacitor_THT:CP_Radial_D8.0mm_P5.00mm","~"
"C5,C6","2","1nF","","","","Capacitor_THT:CP_Radial_D8.0mm_P5.00mm","~"
"D1","1","LED","","","","LED_THT:LED_D3.0mm_Horizontal_O1.27mm_Z2.0mm","~"
"D2","1","1N4742","","","","Diode_THT:D_DO-201AE_P15.24mm_Horizontal","https://www.vishay.com/docs/88301/15ke.pdf"
"D3,D4","2","1N4007","","","","Diode_THT:D_DO-41_SOD81_P10.16mm_Horizontal","http://www.vishay.com/docs/88503/1n4001.pdf"
"D5","1","1N4148","","","","Diode_THT:D_DO-35_SOD27_P7.62mm_Horizontal","https://assets.nexperia.com/documents/data-sheet/1N4148_1N4448.pdf"
"D6","1","1N4733A","","","","Diode_THT:D_DO-41_SOD81_P10.16mm_Horizontal","https://www.vishay.com/docs/85816/1n4728a.pdf"
"D7","1","BZV55B3V3","","","","Diode_SMD:D_MiniMELF","https://assets.nexperia.com/documents/data-sheet/BZV55_SER.pdf"
"D8","1","BZV55B3V3","","","","Diode_SMD:D_MiniMELF_Handsoldering","https://assets.nexperia.com/documents/data-sheet/BZV55_SER.pdf"
"D9","1","BZV55B3V3","","","","Diode_THT:D_DO-201AE_P15.24mm_Horizontal","https://assets.nexperia.com/documents/data-sheet/BZV55_SER.pdf"
"J1,J2,J3,J4","4","KRE 3","","","","importado:TE_282836-3",""
"P1,P2,P3","3","kre","","","","importado:TE_282837-2",""
"Q1","1","2N3904","","","","Package_TO_SOT_THT:TO-92_Inline","https://www.onsemi.com/pub/Collateral/2N3903-D.PDF"
"R1","1","220","","","","Resistor_THT:R_Axial_DIN0207_L6.3mm_D2.5mm_P10.16mm_Horizontal","~"
"R2","1","2.2","","","","Resistor_THT:R_Axial_DIN0207_L6.3mm_D2.5mm_P10.16mm_Horizontal","~"
"R3,R4,R8,R10,R16,R18","6","10k","","","","Resistor_THT:R_Axial_DIN0207_L6.3mm_D2.5mm_P10.16mm_Horizontal","~"
"R5,R6,R7,R14,R20","5","4.7k","","","","Resistor_THT:R_Axial_DIN0207_L6.3mm_D2.5mm_P10.16mm_Horizontal","~"
"R9","1","120","","","","Resistor_THT:R_Axial_DIN0207_L6.3mm_D2.5mm_P10.16mm_Horizontal","~"
"R11","1","5.1k","","","","Resistor_THT:R_Axial_DIN0207_L6.3mm_D2.5mm_P10.16mm_Horizontal","~"
"R12,R13,R15","3","1k","","","","Resistor_THT:R_Axial_DIN0207_L6.3mm_D2.5mm_P10.16mm_Horizontal","~"
"R17,R19","2","5k","","","","Resistor_THT:R_Axial_DIN0207_L6.3mm_D2.5mm_P10.16mm_Horizontal","~"
"U1","1","ESP32-DEVKITC","","","","importado:MODULE_ESP32-DEVKITC",""
"U2","1","LM7805_TO220","","","","Package_TO_SOT_THT:TO-220-3_Vertical","https://www.onsemi.cn/PowerSolutions/document/MC7800-D.PDF"
"U3","1","NEO6MV2","","","","importado:NEO-6M-V2-GPSMODULE-FOOTPRINT",""
"U4","1","~","","","","importado:SN65HVD230 MODULE",""
"U5","1","74AHC1G14","","","","Package_TO_SOT_SMD:SOT-23-5","https://www.ti.com/lit/ds/symlink/sn74lvc1g14.pdf"
"U6","1","PC817","","","","Package_DIP:DIP-4_W7.62mm","http://www.soselectronic.cz/a_info/resource/d/pc817.pdf"
"U7,U8","2","","","","","importado:SO-8_S","https://ngspice.sourceforge.io/docs/ngspice-html-manual/manual.xhtml#sec__SUBCKT_Subcircuits"
