{
  "head": {
    "docType": "2",
    "editorVersion": "6.5.50",
    "c_para": {
      "package": "NONE",
      "name": "SN65HVD230 3.3V CAN Bus Transceiver 1",
      "pre": "U?",
      "Manufacturer Part": "https://www.amazon.com/dp/B0BHST5ZBL?psc=1&ref=ppx_yo2ov_dt_b_product_details",
      "Contributor": "damon926",
      "Supplier": "Amazon",
      "Supplier Part": "https://www.amazon.com/dp/B0BHST5ZBL?psc=1&ref=ppx_yo2ov_dt_b_product_details",
      "Manufacturer": "WWZMDiB",
      "link": "https://www.amazon.com/dp/B0BHST5ZBL?psc=1&ref=ppx_yo2ov_dt_b_product_details"
    },
    "c_spiceCmd": null,
    "hasIdFlag": true,
    "x": 400,
    "y": 300,
    "utime": 1680302066,
    "uuid": "62f7bd4a8bc64fd49ea097690adafe2e",
    "puuid": "",
    "importFlag": 0
  },
  "canvas": "CA~1000~1000~#FFFFFF~yes~#CCCCCC~10~1000~1000~line~10~pixel~5~400~300",
  "shape": [
    "P~show~0~1~520~340~0~gge49~0^^520~340^^M 520 340 h -20~#880000^^1~498~343~0~3V3~end~~~#0000FF^^1~505~339~0~1~start~~~#0000FF^^0~503~340^^0~M 500 337 L 497 340 L 500 343",
    "P~show~0~2~400~340~180~gge56~0^^400~340^^M 400 340 h 20~#880000^^1~422~343~0~GND~start~~~#0000FF^^1~415~339~0~2~end~~~#0000FF^^0~417~340^^0~M 420 343 L 423 340 L 420 337",
    "P~show~0~3~430~400~270~gge63~0^^430~400^^M 430 400 v -20~#880000^^1~433~378~270~CTX~start~~~#0000FF^^1~429~385~270~3~end~~~#0000FF^^0~430~383^^0~M 433 380 L 430 377 L 427 380",
    "P~show~0~4~450~400~270~gge70~0^^450~400^^M 450 400 v -20~#880000^^1~453~378~270~CRX~start~~~#0000FF^^1~449~385~270~4~end~~~#0000FF^^0~450~383^^0~M 453 380 L 450 377 L 447 380",
    "P~show~0~5~470~400~270~gge77~0^^470~400^^M 470 400 v -20~#880000^^1~473~378~270~CANH~start~~~#0000FF^^1~469~385~270~5~end~~~#0000FF^^0~470~383^^0~M 473 380 L 470 377 L 467 380",
    "P~show~0~6~490~400~270~gge84~0^^490~400^^M 490 400 v -20~#880000^^1~493~378~270~CANL~start~~~#0000FF^^1~489~385~270~6~end~~~#0000FF^^0~490~383^^0~M 493 380 L 490 377 L 487 380",
    "R~420~280~~~80~100~#000000~1~0~none~gge91~0~",
    "T~L~422.29~290.67~0~#0000FF~~8pt~~~~comment~SN65HVD230~1~~gge92~0~pinpart",
    "T~L~430.04~309.51~0~#0000FF~~~~~~comment~3V3 CAN Bus\\nTransceiver~1~~gge94~0~pinpart"
  ],
  "BBox": {
    "x": 398.7,
    "y": 280,
    "width": 122.7,
    "height": 121.3
  },
  "colors": {}
}