"Reference","Qty","Value","DNP","Exclude from BOM","Exclude from Board","Footprint","Datasheet"
"C1","1","220uF","","","","Capacitor_THT:CP_Radial_D8.0mm_P5.00mm","~"
"C2","1","10nF","","","","Capacitor_THT:C_Disc_D4.3mm_W1.9mm_P5.00mm","~"
"C3","1","10nF","","","","Capacitor_THT:CP_Radial_D8.0mm_P5.00mm","~"
"D1","1","LED","","","","LED_THT:LED_D3.0mm_Horizontal_O1.27mm_Z2.0mm","~"
"D2","1","1N4742","","","","Diode_THT:D_DO-201AE_P15.24mm_Horizontal","https://www.vishay.com/docs/88301/15ke.pdf"
"MODULE1","1","~","","","","importado:LORA SX1278 RA-02 WIRELESS MODULE",""
"P1,P3","2","kre","","","","importado:TE_282837-2",""
"R1","1","220","","","","Resistor_THT:R_Axial_DIN0207_L6.3mm_D2.5mm_P10.16mm_Horizontal","~"
"R2","1","2.2","","","","Resistor_THT:R_Axial_DIN0207_L6.3mm_D2.5mm_P10.16mm_Horizontal","~"
"R3,R10","2","10k","","","","Resistor_THT:R_Axial_DIN0207_L6.3mm_D2.5mm_P10.16mm_Horizontal","~"
"R4,R11","2","5.1k","","","","Resistor_THT:R_Axial_DIN0207_L6.3mm_D2.5mm_P10.16mm_Horizontal","~"
"R9","1","120","","","","Resistor_THT:R_Axial_DIN0207_L6.3mm_D2.5mm_P10.16mm_Horizontal","~"
"U1","1","ESP32-DEVKITC","","","","importado:MODULE_ESP32-DEVKITC",""
"U2","1","LM7805_TO220","","","","Package_TO_SOT_THT:TO-220-3_Vertical","https://www.onsemi.cn/PowerSolutions/document/MC7800-D.PDF"
"U4","1","~","","","","importado:SN65HVD230 MODULE",""
